{
  "1024x1024": [
    0.045702708,
    0.004226042,
    0.005778291,
    0.007379417,
    0.001222792,
    0.000952292,
    0.0010045,
    0.000968208,
    0.001015834,
    0.003937417,
    0.00708175,
    0.000943791,
    0.001028125,
    0.00107225,
    0.001014875,
    0.001020208,
    0.00100325,
    0.000957583,
    0.00112925,
    0.001225458,
    0.00101875,
    0.003361333,
    0.007833208,
    0.006611834,
    0.005219,
    0.001021375,
    0.001030667,
    0.001074833,
    0.00103875,
    0.003759917,
    0.005740625,
    0.003940958,
    0.000940208,
    0.001003041,
    0.001006417,
    0.001048875,
    0.001097083,
    0.001069333,
    0.001015833,
    0.000996291,
    0.003761542,
    0.007016584,
    0.008241791,
    0.001373125,
    0.001016459,
    0.00104325,
    0.001092334,
    0.001018875,
    0.003813666,
    0.008599125,
    0.005151959,
    0.001018833,
    0.001069417,
    0.0010165,
    0.000999791,
    0.001014333,
    0.001042208,
    0.00373225,
    0.005947291,
    0.006730875,
    0.007775208,
    0.001004083,
    0.000997083,
    0.001039375,
    0.001141291,
    0.001135791,
    0.003874125,
    0.003859916,
    0.007763,
    0.00102975,
    0.000997875,
    0.00111525,
    0.001027125,
    0.001175292,
    0.003902041,
    0.0056415,
    0.003820167,
    0.006654125,
    0.001012292,
    0.001010584,
    0.001008625,
    0.001044958,
    0.00100125,
    0.004040042,
    0.00430625,
    0.008177666,
    0.001012917,
    0.001086459,
    0.001005667,
    0.001032375,
    0.001069334,
    0.001140625,
    0.000995083,
    0.001001833,
    0.00101,
    0.003553792,
    0.008769125,
    0.007318958,
    0.001011792,
    0.001037625
  ],
  "2048x512": [
    0.007901959,
    0.007655041,
    0.02664075,
    0.015998417,
    0.001695417,
    0.001745375,
    0.001632209,
    0.001669084,
    0.001600459,
    0.007296584,
    0.014483458,
    0.001634208,
    0.0017135,
    0.001789375,
    0.001611167,
    0.001724292,
    0.001673542,
    0.001722667,
    0.001652042,
    0.003137958,
    0.002113875,
    0.008019542,
    0.01437475,
    0.013543417,
    0.006519708,
    0.001604292,
    0.001721667,
    0.001789959,
    0.005690833,
    0.007074917,
    0.015982958,
    0.01540175,
    0.001598416,
    0.001773334,
    0.001707083,
    0.00163125,
    0.001664917,
    0.001648417,
    0.001646958,
    0.001661583,
    0.006344708,
    0.016724667,
    0.011683,
    0.001805084,
    0.0016855,
    0.001732,
    0.001772917,
    0.001660459,
    0.006972333,
    0.018043875,
    0.010419709,
    0.001653292,
    0.00170325,
    0.00167975,
    0.001658625,
    0.001679792,
    0.001674542,
    0.00677075,
    0.012594458,
    0.011709833,
    0.014005209,
    0.001641125,
    0.001685041,
    0.001684208,
    0.001706375,
    0.006742208,
    0.011012917,
    0.011205791,
    0.013886083,
    0.001792792,
    0.001690625,
    0.001648333,
    0.001639708,
    0.001654208,
    0.006832375,
    0.017277583,
    0.010058291,
    0.016598333,
    0.00160775,
    0.001664167,
    0.001719083,
    0.001759291,
    0.001790083,
    0.00720375,
    0.01625925,
    0.015424042,
    0.0016755,
    0.001697958,
    0.001653458,
    0.001635167,
    0.001634583,
    0.001668375,
    0.001682458,
    0.001672292,
    0.006912458,
    0.009307959,
    0.014687833,
    0.013334459,
    0.001643959,
    0.00170425
  ],
  "4096x256": [
    0.013995042,
    0.022168417,
    0.030077208,
    0.004019167,
    0.002939584,
    0.003077041,
    0.002934625,
    0.003153291,
    0.01364675,
    0.018750708,
    0.01180325,
    0.003238917,
    0.002970167,
    0.003144958,
    0.009364708,
    0.002930458,
    0.003043667,
    0.002889541,
    0.002917292,
    0.00317075,
    0.003517333,
    0.012428083,
    0.029937292,
    0.024593583,
    0.002832292,
    0.002936833,
    0.003125375,
    0.0029465,
    0.013453791,
    0.02075075,
    0.033703542,
    0.017597583,
    0.0029545,
    0.003043834,
    0.003152791,
    0.002915042,
    0.0029095,
    0.002981625,
    0.002905125,
    0.012185583,
    0.013976125,
    0.033131584,
    0.026517833,
    0.003029541,
    0.003048458,
    0.003155958,
    0.002898625,
    0.012852875,
    0.015074084,
    0.033969166,
    0.02177925,
    0.003119792,
    0.002916041,
    0.00292075,
    0.002954291,
    0.002944875,
    0.002995333,
    0.013523334,
    0.023942667,
    0.031093375,
    0.002941209,
    0.00294725,
    0.002980125,
    0.002996291,
    0.002973375,
    0.0133815,
    0.024148375,
    0.030571083,
    0.009010208,
    0.002923625,
    0.002995958,
    0.002921917,
    0.003040917,
    0.0029195,
    0.013550042,
    0.031027167,
    0.023238167,
    0.002969125,
    0.002946458,
    0.002954417,
    0.003015334,
    0.00304725,
    0.013301542,
    0.022377375,
    0.031617333,
    0.003347,
    0.003109375,
    0.00298975,
    0.003336667,
    0.00297125,
    0.003101708,
    0.0029985,
    0.002913084,
    0.003045625,
    0.01299025,
    0.028542834,
    0.027975,
    0.011437917,
    0.002908833,
    0.0031835
  ]
}
