{
  "1024x1024": [
    0.00625275,
    0.002843416,
    0.004280792,
    0.00414925,
    0.003021792,
    0.002909958,
    0.002806417,
    0.003021625,
    0.002772209,
    0.002678584,
    0.003487583,
    0.002909458,
    0.003013041,
    0.003618791,
    0.002710084,
    0.002804875,
    0.002929791,
    0.003254542,
    0.002818334,
    0.002832417,
    0.003096625,
    0.003619917,
    0.007046458,
    0.003724833,
    0.007737333,
    0.005487542,
    0.004637958,
    0.002855209,
    0.002985042,
    0.003354541,
    0.003124208,
    0.00288825,
    0.002946416,
    0.002992959,
    0.006224292,
    0.002858167,
    0.00352575,
    0.003609833,
    0.002836833,
    0.002985333,
    0.002925875,
    0.003321541,
    0.002941791,
    0.003252792,
    0.00289875,
    0.00288625,
    0.003198375,
    0.0029085,
    0.002982958,
    0.002861125,
    0.003048292,
    0.0029915,
    0.009835583,
    0.007321458,
    0.006676125,
    0.004021875,
    0.00388175,
    0.002885625,
    0.002774167,
    0.002769833,
    0.00286925,
    0.003979041,
    0.0029465,
    0.003279125,
    0.003267,
    0.002749875,
    0.003114,
    0.002794208,
    0.004045375,
    0.00444525,
    0.004773291,
    0.002976917,
    0.003541708,
    0.0033565,
    0.002916625,
    0.003479291,
    0.003845375,
    0.003236208,
    0.003232708,
    0.007153542,
    0.003045542,
    0.003982958,
    0.003925916,
    0.002911167,
    0.002815958,
    0.004460292,
    0.0027805,
    0.003117333,
    0.004043333,
    0.004185416,
    0.0028485,
    0.003665958,
    0.0036985,
    0.002850834,
    0.003146708,
    0.002837666,
    0.002893959,
    0.00382425,
    0.003185709,
    0.002791083
  ],
  "2048x512": [
    0.009962792,
    0.006715208,
    0.006245,
    0.005417166,
    0.005496,
    0.005881208,
    0.00606375,
    0.005488958,
    0.005308084,
    0.006000917,
    0.005450459,
    0.005277958,
    0.005765959,
    0.005411333,
    0.005461709,
    0.0060185,
    0.005405334,
    0.005189542,
    0.006964125,
    0.006389959,
    0.008796583,
    0.006030041,
    0.0096465,
    0.015551542,
    0.021239542,
    0.012105417,
    0.007072708,
    0.005271042,
    0.006434666,
    0.005296875,
    0.005132125,
    0.006251708,
    0.005547208,
    0.005177541,
    0.00559525,
    0.005834458,
    0.005519875,
    0.008079875,
    0.005221,
    0.006483917,
    0.005582084,
    0.005577708,
    0.005986084,
    0.009034416,
    0.005371917,
    0.006136834,
    0.006489292,
    0.005570875,
    0.005861166,
    0.005771541,
    0.005806,
    0.024818792,
    0.0287865,
    0.014562167,
    0.01458275,
    0.008002042,
    0.006217833,
    0.005424541,
    0.005280958,
    0.00543825,
    0.006257084,
    0.005255208,
    0.00534075,
    0.006921375,
    0.005346084,
    0.005179917,
    0.006136125,
    0.005217167,
    0.00560375,
    0.006781625,
    0.00832025,
    0.005454208,
    0.006481667,
    0.00541525,
    0.006066583,
    0.006696834,
    0.005204666,
    0.005225959,
    0.017693166,
    0.0093185,
    0.012914875,
    0.01231775,
    0.0052,
    0.005183,
    0.006405542,
    0.005228542,
    0.005578125,
    0.005839583,
    0.005584584,
    0.009065667,
    0.005483875,
    0.005963292,
    0.005502792,
    0.005163,
    0.006230084,
    0.005276333,
    0.005963,
    0.009007125,
    0.005659541,
    0.005883458
  ],
  "4096x256": [
    0.016458,
    0.01105925,
    0.011897542,
    0.011461375,
    0.012828,
    0.0112655,
    0.010633625,
    0.012489709,
    0.009819042,
    0.010664375,
    0.011274417,
    0.010585708,
    0.012111042,
    0.01078275,
    0.009943875,
    0.011120584,
    0.011686333,
    0.009665459,
    0.013434416,
    0.011490084,
    0.016908958,
    0.01333975,
    0.015329667,
    0.031222208,
    0.031456,
    0.027384959,
    0.022011,
    0.012259292,
    0.010984208,
    0.010151208,
    0.011742083,
    0.011092083,
    0.010672084,
    0.011724292,
    0.010427583,
    0.011877167,
    0.011494042,
    0.012130625,
    0.010395416,
    0.01175375,
    0.011492417,
    0.010942709,
    0.011247916,
    0.0114785,
    0.01036025,
    0.011278583,
    0.011108708,
    0.010494708,
    0.011250834,
    0.010599125,
    0.03538625,
    0.038847458,
    0.022319042,
    0.015720417,
    0.012734625,
    0.011093583,
    0.011076209,
    0.017294375,
    0.011490125,
    0.010944041,
    0.011419542,
    0.010393625,
    0.010709459,
    0.011343833,
    0.010321292,
    0.011143916,
    0.011230167,
    0.010174583,
    0.010576708,
    0.010385167,
    0.010298333,
    0.01162475,
    0.012118417,
    0.010103542,
    0.01122925,
    0.0110815,
    0.01223475,
    0.010284667,
    0.020256708,
    0.023844167,
    0.025218917,
    0.025828208,
    0.011516833,
    0.010362,
    0.011153084,
    0.01206675,
    0.010242792,
    0.011103875,
    0.013644375,
    0.0102165,
    0.012838584,
    0.010524208,
    0.010574125,
    0.011055417,
    0.01082675,
    0.01021325,
    0.010891167,
    0.010970042,
    0.009927541,
    0.011288041
  ]
}
