{
  "1024x1024": [
    0.022501291,
    0.007312542,
    0.006653167,
    0.0042335,
    0.001098166,
    0.00102225,
    0.000997709,
    0.00106725,
    0.001082042,
    0.000981292,
    0.001051792,
    0.003551833,
    0.00714525,
    0.007172334,
    0.005005042,
    0.00101125,
    0.001004,
    0.001074208,
    0.000978083,
    0.0010325,
    0.003325958,
    0.008727708,
    0.006774667,
    0.005136209,
    0.0009765,
    0.001049834,
    0.001143209,
    0.001033041,
    0.00103875,
    0.003177208,
    0.008366042,
    0.007390333,
    0.003929084,
    0.001042583,
    0.001028417,
    0.001046875,
    0.001058708,
    0.0010605,
    0.00325825,
    0.00755725,
    0.008519125,
    0.001056833,
    0.001056041,
    0.001066333,
    0.001019458,
    0.001092417,
    0.001044625,
    0.003543333,
    0.005331875,
    0.00745425,
    0.001056458,
    0.001000041,
    0.000996542,
    0.001054959,
    0.001009458,
    0.000999583,
    0.00102225,
    0.003566583,
    0.005384875,
    0.006608958,
    0.001018,
    0.001018125,
    0.001014166,
    0.001011875,
    0.001038584,
    0.000977833,
    0.001027042,
    0.003456625,
    0.00677725,
    0.006515292,
    0.001109792,
    0.001033667,
    0.001102625,
    0.000993209,
    0.001004083,
    0.001049333,
    0.001103333,
    0.003173541,
    0.006210417,
    0.007322833,
    0.001008417,
    0.00100775,
    0.001037042,
    0.001093042,
    0.001023458,
    0.001042708,
    0.0010855,
    0.003613584,
    0.005680375,
    0.008530875,
    0.000977334,
    0.000936625,
    0.001018291,
    0.001057875,
    0.001079208,
    0.0009925,
    0.000993583,
    0.0033115,
    0.005666042,
    0.007785792
  ],
  "2048x512": [
    0.009320542,
    0.022405959,
    0.016019541,
    0.002004375,
    0.001768125,
    0.001721292,
    0.001726167,
    0.001736708,
    0.001674125,
    0.001689208,
    0.001707166,
    0.006440375,
    0.018148625,
    0.01422875,
    0.001690416,
    0.001729125,
    0.001592875,
    0.001686958,
    0.0016795,
    0.001682458,
    0.00583825,
    0.016746792,
    0.015000958,
    0.001647041,
    0.001714875,
    0.001775209,
    0.001648042,
    0.001555708,
    0.001726625,
    0.006244625,
    0.015906125,
    0.015269542,
    0.001594875,
    0.001755125,
    0.001723333,
    0.001618375,
    0.001604209,
    0.001529791,
    0.006303084,
    0.016012125,
    0.016230458,
    0.001893083,
    0.001667333,
    0.001758459,
    0.001737333,
    0.001710583,
    0.001765667,
    0.005954708,
    0.013353292,
    0.013881917,
    0.00163475,
    0.001688416,
    0.001635,
    0.001706875,
    0.001683916,
    0.001715625,
    0.006330792,
    0.013393041,
    0.012778667,
    0.015664666,
    0.001666709,
    0.001692417,
    0.00170425,
    0.001707208,
    0.001662958,
    0.00166625,
    0.001659875,
    0.006476458,
    0.015852792,
    0.015809084,
    0.001714583,
    0.001714708,
    0.00174125,
    0.00166675,
    0.001613041,
    0.001669375,
    0.001598833,
    0.006342167,
    0.013012083,
    0.017194,
    0.001561667,
    0.001713958,
    0.001627042,
    0.001688166,
    0.00160075,
    0.001667,
    0.006164375,
    0.011503792,
    0.012654541,
    0.015049875,
    0.001866,
    0.00169825,
    0.001643792,
    0.001678917,
    0.001724208,
    0.001702542,
    0.003063041,
    0.008348334,
    0.01241375,
    0.01573275
  ],
  "4096x256": [
    0.016671958,
    0.033494167,
    0.028725959,
    0.003136,
    0.003005334,
    0.003039334,
    0.00296825,
    0.0029885,
    0.002937209,
    0.002963416,
    0.002948917,
    0.011748458,
    0.032428875,
    0.02752125,
    0.002993167,
    0.002965583,
    0.002946125,
    0.003065541,
    0.002908292,
    0.003016,
    0.015876958,
    0.031546709,
    0.030093709,
    0.00293175,
    0.003232333,
    0.002976625,
    0.002957791,
    0.003066417,
    0.002933875,
    0.011912416,
    0.033244833,
    0.032375667,
    0.002944458,
    0.002974125,
    0.0028805,
    0.002959791,
    0.003016375,
    0.004089917,
    0.015176375,
    0.032436458,
    0.031198208,
    0.003025542,
    0.003105458,
    0.003030459,
    0.002962583,
    0.003000166,
    0.011975125,
    0.021618542,
    0.036319167,
    0.023147542,
    0.002956417,
    0.002955833,
    0.002915667,
    0.002999,
    0.002956209,
    0.002929875,
    0.012057708,
    0.02960225,
    0.026585916,
    0.003052875,
    0.00289775,
    0.002982458,
    0.002900125,
    0.002973084,
    0.003026167,
    0.002998875,
    0.004300042,
    0.0133535,
    0.031194417,
    0.028426209,
    0.002932542,
    0.002962042,
    0.002982167,
    0.00301975,
    0.002948875,
    0.003008958,
    0.012303542,
    0.022915834,
    0.031486708,
    0.023986208,
    0.002943042,
    0.002911625,
    0.002996333,
    0.003026375,
    0.003098916,
    0.002968666,
    0.011266459,
    0.028987834,
    0.027802375,
    0.002982,
    0.002926333,
    0.002982916,
    0.002904916,
    0.002979083,
    0.00297475,
    0.00311625,
    0.012115125,
    0.026983333,
    0.031978958,
    0.008000875
  ]
}
