{
  "1024x1024": [
    0.014203375,
    0.004521583,
    0.006829083,
    0.006840375,
    0.001093292,
    0.001041792,
    0.001054458,
    0.001026208,
    0.001037833,
    0.000960167,
    0.0010615,
    0.003390167,
    0.005313584,
    0.007785041,
    0.000986333,
    0.00102525,
    0.001019459,
    0.001016125,
    0.001034292,
    0.001033375,
    0.001002042,
    0.001044458,
    0.003361375,
    0.007204542,
    0.007725083,
    0.001148333,
    0.001056708,
    0.001039916,
    0.001152166,
    0.001005,
    0.001029833,
    0.003340459,
    0.011191833,
    0.006835167,
    0.005458959,
    0.0010035,
    0.0010585,
    0.001079416,
    0.00101375,
    0.001135,
    0.001153416,
    0.005375375,
    0.005802083,
    0.008759416,
    0.001032625,
    0.000983791,
    0.0010325,
    0.001023334,
    0.00098225,
    0.000929417,
    0.001122917,
    0.003646041,
    0.008915375,
    0.006536667,
    0.005729,
    0.001036333,
    0.0009455,
    0.001006666,
    0.0010825,
    0.001067042,
    0.003572,
    0.00797375,
    0.006701,
    0.004748834,
    0.001013,
    0.001175709,
    0.000919666,
    0.001070958,
    0.001068833,
    0.003316666,
    0.008791917,
    0.007119292,
    0.004006375,
    0.001054833,
    0.000972417,
    0.000984167,
    0.001026167,
    0.000955625,
    0.003488708,
    0.008679458,
    0.006549084,
    0.005705,
    0.001030208,
    0.000961459,
    0.001028208,
    0.001025583,
    0.001016,
    0.001044583,
    0.003549709,
    0.005148292,
    0.007529167,
    0.001030042,
    0.001042875,
    0.001018416,
    0.001039292,
    0.001043083,
    0.0010395,
    0.001079125,
    0.003547333,
    0.0047505
  ],
  "2048x512": [
    0.013667625,
    0.015554584,
    0.013696458,
    0.001684416,
    0.001742083,
    0.001675459,
    0.001677375,
    0.001696625,
    0.001654833,
    0.00166975,
    0.001720334,
    0.006842041,
    0.0119975,
    0.016750167,
    0.001736209,
    0.001725833,
    0.001628125,
    0.001718584,
    0.001731084,
    0.001690291,
    0.001672209,
    0.006214167,
    0.009769375,
    0.013510125,
    0.016726166,
    0.001787542,
    0.001720667,
    0.001785208,
    0.001719166,
    0.001640167,
    0.0016795,
    0.006003667,
    0.016688,
    0.014889417,
    0.001694333,
    0.001720542,
    0.001729583,
    0.001708125,
    0.001665291,
    0.001724584,
    0.008561,
    0.01507225,
    0.014198375,
    0.005427167,
    0.00171725,
    0.001712083,
    0.001742833,
    0.001704,
    0.001668583,
    0.001776375,
    0.001743792,
    0.006271792,
    0.016441167,
    0.015435792,
    0.001689625,
    0.001809084,
    0.001702375,
    0.001559709,
    0.001699041,
    0.001730416,
    0.006264209,
    0.0162915,
    0.015361708,
    0.001740125,
    0.001642083,
    0.001701208,
    0.001646417,
    0.001730833,
    0.001721042,
    0.006428833,
    0.016726666,
    0.015566084,
    0.001683791,
    0.001746667,
    0.001705333,
    0.001679333,
    0.001937542,
    0.001638667,
    0.006791917,
    0.014879459,
    0.015821125,
    0.001611375,
    0.001538625,
    0.001704958,
    0.001587625,
    0.001518583,
    0.001654125,
    0.001769167,
    0.00749825,
    0.013115667,
    0.016256917,
    0.001622,
    0.001690375,
    0.001669375,
    0.001660292,
    0.001676125,
    0.001529667,
    0.001644167,
    0.00590425,
    0.015834875
  ],
  "4096x256": [
    0.016970334,
    0.031991334,
    0.028863458,
    0.003013458,
    0.002949291,
    0.002969667,
    0.0030355,
    0.002923958,
    0.002798083,
    0.003011833,
    0.012208542,
    0.026190875,
    0.03079975,
    0.0193395,
    0.003039333,
    0.003006583,
    0.002899834,
    0.002903042,
    0.002975375,
    0.003068542,
    0.0029355,
    0.011851416,
    0.03196625,
    0.026151125,
    0.003039333,
    0.003067792,
    0.002943666,
    0.002983875,
    0.002996875,
    0.002905416,
    0.002992292,
    0.01275575,
    0.032141291,
    0.027350542,
    0.002727084,
    0.002880875,
    0.002977333,
    0.003022083,
    0.002943791,
    0.003154834,
    0.013764125,
    0.030633667,
    0.028806167,
    0.003111917,
    0.003003708,
    0.003030167,
    0.002997334,
    0.002917667,
    0.002946917,
    0.003033459,
    0.003962833,
    0.013291792,
    0.030604958,
    0.027300125,
    0.003008875,
    0.002978542,
    0.002855625,
    0.002922417,
    0.003036291,
    0.003879375,
    0.014885917,
    0.031761292,
    0.027691709,
    0.00289675,
    0.002949833,
    0.002891834,
    0.00301675,
    0.003134917,
    0.002833,
    0.014342333,
    0.032347167,
    0.027823166,
    0.002991583,
    0.002999958,
    0.00295175,
    0.002950792,
    0.003063625,
    0.002716584,
    0.011902416,
    0.031777042,
    0.026327292,
    0.002971708,
    0.002778583,
    0.00309625,
    0.00299175,
    0.003029334,
    0.003084541,
    0.011958417,
    0.027617916,
    0.030441792,
    0.014499416,
    0.002970375,
    0.002861625,
    0.002994208,
    0.002959333,
    0.003009417,
    0.002943583,
    0.0029595,
    0.011843333,
    0.03066175
  ]
}
