{
  "256": [
    0.003213708,
    0.002803209,
    0.003132792,
    0.002858917,
    0.003368417,
    0.00276825,
    0.002573083,
    0.002451542,
    0.002742,
    0.002198584,
    0.002845,
    0.002609,
    0.002485458,
    0.003803875,
    0.002755792,
    0.00250725,
    0.002906459,
    0.002760417,
    0.002403375,
    0.002443042,
    0.003151958,
    0.002824292,
    0.002958083,
    0.002405791,
    0.002913291,
    0.002745792,
    0.0029185,
    0.003304709,
    0.002807208,
    0.002877542,
    0.002152542,
    0.002484917,
    0.002776917,
    0.003670458,
    0.003091208,
    0.002478,
    0.002315625,
    0.002797166,
    0.002999667,
    0.003271792,
    0.002851916,
    0.002568042,
    0.002514875,
    0.002706125,
    0.003038291,
    0.002854083,
    0.002772,
    0.002732,
    0.002827834,
    0.002805792,
    0.003186791,
    0.00226975,
    0.002502875,
    0.002353292,
    0.002487625,
    0.002571708,
    0.002743459,
    0.002708208,
    0.002484667,
    0.00266925,
    0.002731875,
    0.003117166,
    0.003320666,
    0.003304208,
    0.002909541,
    0.001875792,
    0.002707708,
    0.002488333,
    0.002961,
    0.002824666,
    0.002850791,
    0.002747959,
    0.00329825,
    0.002552541,
    0.002935542,
    0.002991542,
    0.002761958,
    0.003246916,
    0.002825542,
    0.002696583,
    0.002819959,
    0.002973292,
    0.006101417,
    0.002493042,
    0.003693667,
    0.0028745,
    0.00298775,
    0.002555875,
    0.003063916,
    0.00299425,
    0.002596708,
    0.002695458,
    0.002689916,
    0.003732958,
    0.003084709,
    0.002633667,
    0.002548625,
    0.00277275,
    0.004266667,
    0.002426458
  ],
  "512": [
    0.003854375,
    0.002634125,
    0.00279625,
    0.003179292,
    0.0026545,
    0.002664542,
    0.002793958,
    0.002674125,
    0.002446833,
    0.002410167,
    0.002917292,
    0.003515125,
    0.002578167,
    0.002787625,
    0.003158584,
    0.002897708,
    0.002784375,
    0.002784042,
    0.004163375,
    0.00249975,
    0.003221,
    0.003563916,
    0.0032365,
    0.003013041,
    0.002730042,
    0.003371583,
    0.002699875,
    0.002916792,
    0.003094333,
    0.002895917,
    0.002292875,
    0.002429959,
    0.003304458,
    0.002727917,
    0.002798125,
    0.0028785,
    0.002530458,
    0.002214833,
    0.002755333,
    0.00297675,
    0.002865583,
    0.003043375,
    0.002741042,
    0.002778791,
    0.003115208,
    0.003020917,
    0.002828166,
    0.002793167,
    0.002613375,
    0.003133584,
    0.003190917,
    0.002526791,
    0.002575667,
    0.002742667,
    0.003055167,
    0.002739791,
    0.002470375,
    0.00350825,
    0.002415083,
    0.002930709,
    0.002851916,
    0.003196583,
    0.002691583,
    0.002922167,
    0.002478792,
    0.002690625,
    0.002746834,
    0.002341041,
    0.003494959,
    0.002913125,
    0.003397458,
    0.003175833,
    0.00306225,
    0.002870709,
    0.002359291,
    0.003081708,
    0.002803541,
    0.003732042,
    0.002752333,
    0.003271209,
    0.002633834,
    0.002856334,
    0.003215084,
    0.002317916,
    0.002364875,
    0.002572709,
    0.002317875,
    0.002527333,
    0.002839084,
    0.0029855,
    0.002759833,
    0.003594625,
    0.002715292,
    0.002852916,
    0.003088667,
    0.002919291,
    0.002403458,
    0.002983542,
    0.003227458,
    0.002326
  ],
  "64": [
    0.003124917,
    0.002494292,
    0.002784333,
    0.002694625,
    0.0032735,
    0.002925541,
    0.002739541,
    0.003021834,
    0.002531584,
    0.003174209,
    0.002962833,
    0.00281975,
    0.003024125,
    0.002225417,
    0.002578458,
    0.002980708,
    0.00303975,
    0.00287475,
    0.0026885,
    0.002514791,
    0.002748125,
    0.002431542,
    0.003319333,
    0.00267175,
    0.002870167,
    0.002874458,
    0.002480042,
    0.002498542,
    0.002716,
    0.003318625,
    0.002467583,
    0.002799417,
    0.002666333,
    0.004352459,
    0.00274925,
    0.002726875,
    0.002568542,
    0.002579958,
    0.002818042,
    0.002194875,
    0.002983833,
    0.002718709,
    0.002788333,
    0.002958292,
    0.002772666,
    0.004212833,
    0.002548958,
    0.002626,
    0.003574208,
    0.002777125,
    0.002567458,
    0.003047875,
    0.003224792,
    0.002303708,
    0.0035875,
    0.002559083,
    0.00251775,
    0.002793,
    0.002355,
    0.0021905,
    0.002728375,
    0.003116084,
    0.002528958,
    0.002753833,
    0.00264275,
    0.002939458,
    0.003249792,
    0.002751458,
    0.002493541,
    0.003080667,
    0.002875958,
    0.002498,
    0.002695042,
    0.002489125,
    0.002507042,
    0.002754917,
    0.002514125,
    0.002111917,
    0.002758917,
    0.002378791,
    0.002740209,
    0.003458541,
    0.002819875,
    0.002494791,
    0.002601208,
    0.002459375,
    0.003154417,
    0.002795542,
    0.0027115,
    0.002765333,
    0.0025385,
    0.00261925,
    0.002844208,
    0.002281125,
    0.003031417,
    0.002664209,
    0.0028905,
    0.002539833,
    0.003917917,
    0.002284541
  ],
  "8": [
    0.003405458,
    0.002956083,
    0.002729333,
    0.002748917,
    0.0027815,
    0.002357417,
    0.003382291,
    0.00285925,
    0.002475208,
    0.00259475,
    0.002503833,
    0.002527125,
    0.002848125,
    0.002644833,
    0.002429916,
    0.002656292,
    0.002546917,
    0.003165375,
    0.002759166,
    0.002826708,
    0.002539792,
    0.002685875,
    0.002719583,
    0.002893291,
    0.003540291,
    0.00272825,
    0.002738958,
    0.002457459,
    0.002715292,
    0.002756541,
    0.002633042,
    0.003676541,
    0.00243725,
    0.002748875,
    0.002860625,
    0.003138167,
    0.002817625,
    0.002326667,
    0.003218416,
    0.00247175,
    0.002764667,
    0.002595542,
    0.002211,
    0.002682708,
    0.002729917,
    0.002738666,
    0.0024115,
    0.003535958,
    0.002837833,
    0.002721084,
    0.00290075,
    0.002861458,
    0.002760625,
    0.002541625,
    0.00250675,
    0.002649417,
    0.002831792,
    0.002404,
    0.002475042,
    0.002426833,
    0.002970833,
    0.002541,
    0.003031709,
    0.002834083,
    0.002591958,
    0.002175542,
    0.00274725,
    0.002768542,
    0.002467709,
    0.002757417,
    0.002716375,
    0.002720958,
    0.002735167,
    0.002849792,
    0.002934542,
    0.002447291,
    0.002547042,
    0.002176791,
    0.002780041,
    0.002563792,
    0.002274917,
    0.002638792,
    0.002867,
    0.002777875,
    0.003067458,
    0.002666083,
    0.002636625,
    0.002825333,
    0.002984125,
    0.00254625,
    0.002887334,
    0.002527208,
    0.002799666,
    0.002868625,
    0.002815292,
    0.002231375,
    0.002410084,
    0.002656708,
    0.003139417,
    0.002539625
  ]
}
