{
  "256": [
    0.000093583,
    0.000096708,
    0.000069625,
    0.000065292,
    0.000090667,
    0.00007975,
    0.000075959,
    0.000096833,
    0.0001075,
    0.000109208,
    0.000112958,
    0.00012125,
    0.000106792,
    0.000104167,
    0.000106833,
    0.000107166,
    0.000101791,
    0.000104667,
    0.000106167,
    0.000094583,
    0.000086541,
    0.00009725,
    0.000085542,
    0.000092333,
    0.000094708,
    0.000095375,
    0.000102083,
    0.000084166,
    0.000082125,
    0.000088792,
    0.000085291,
    0.00008525,
    0.000085458,
    0.000068541,
    0.000068291,
    0.000064125,
    0.000081792,
    0.00007125,
    0.000071625,
    0.00007675,
    0.000080292,
    0.00007425,
    0.000072167,
    0.000070917,
    0.000068292,
    0.000065708,
    0.000063625,
    0.0000625,
    0.000063917,
    0.000061708,
    0.00006175,
    0.000076542,
    0.00006325,
    0.000062625,
    0.000066667,
    0.000064208,
    0.000083625,
    0.000072166,
    0.000069625,
    0.000067875,
    0.000066,
    0.000078125,
    0.000088375,
    0.000071333,
    0.000064709,
    0.000071333,
    0.000062,
    0.000072542,
    0.000071333,
    0.000077208,
    0.000072834,
    0.000063416,
    0.000145542,
    0.000086417,
    0.00010925,
    0.000084,
    0.000060208,
    0.000080834,
    0.000075958,
    0.000060625,
    0.000057709,
    0.000058,
    0.000054875,
    0.000057333,
    0.000028708,
    0.000069541,
    0.000029208,
    0.000031292,
    0.00002925,
    0.00002975,
    0.000036084,
    0.000030542,
    0.000027333,
    0.000025292,
    0.000039208,
    0.000028166,
    0.00002975,
    0.000036166,
    0.000029959,
    0.000028041
  ],
  "512": [
    0.0001335,
    0.000117542,
    0.000096667,
    0.000092833,
    0.000074417,
    0.000085958,
    0.000085959,
    0.000111292,
    0.000114542,
    0.000119167,
    0.000126541,
    0.000111666,
    0.000114,
    0.000107708,
    0.000110792,
    0.000110042,
    0.000110375,
    0.000108958,
    0.000107125,
    0.000094917,
    0.000090458,
    0.000094416,
    0.000098666,
    0.000096167,
    0.000095167,
    0.000095291,
    0.00009175,
    0.000090458,
    0.000085292,
    0.000090417,
    0.000078458,
    0.000082416,
    0.000088209,
    0.000079,
    0.000074042,
    0.000069291,
    0.000079958,
    0.000081417,
    0.000083542,
    0.000081916,
    0.000083125,
    0.000078416,
    0.000076542,
    0.000069916,
    0.000068792,
    0.000061708,
    0.000065333,
    0.00006675,
    0.00006825,
    0.000058166,
    0.000064208,
    0.000067375,
    0.000070334,
    0.000066208,
    0.000074834,
    0.000090167,
    0.000106125,
    0.000077375,
    0.000071541,
    0.000061375,
    0.000071583,
    0.000077625,
    0.000082542,
    0.000065,
    0.000072541,
    0.000069459,
    0.000070084,
    0.000074042,
    0.000079833,
    0.000085458,
    0.000077625,
    0.000069542,
    0.000073375,
    0.000119167,
    0.000073333,
    0.000093667,
    0.000071916,
    0.000083458,
    0.00007475,
    0.000064083,
    0.000071875,
    0.000064,
    0.000057208,
    0.000056667,
    0.000045375,
    0.000154458,
    0.000042958,
    0.000039125,
    0.000034458,
    0.00003725,
    0.000035208,
    0.000030791,
    0.000033542,
    0.000031166,
    0.000036917,
    0.000034,
    0.000037292,
    0.00003625,
    0.0000375,
    0.000033625
  ],
  "64": [
    0.000123542,
    0.0001,
    0.000077292,
    0.000063583,
    0.000084208,
    0.000078917,
    0.000075791,
    0.000075375,
    0.000103667,
    0.000112292,
    0.000118125,
    0.000108417,
    0.000096416,
    0.000108208,
    0.000101792,
    0.00010275,
    0.000100459,
    0.000101042,
    0.000096208,
    0.000132,
    0.000084125,
    0.000085,
    0.000086459,
    0.000083834,
    0.000096042,
    0.000092167,
    0.000090167,
    0.000088833,
    0.000080084,
    0.00009575,
    0.000078833,
    0.000076584,
    0.000077,
    0.000105083,
    0.000064167,
    0.000064833,
    0.000070708,
    0.000075292,
    0.000073209,
    0.0000775,
    0.000074916,
    0.000081333,
    0.000072792,
    0.00007,
    0.000061084,
    0.00005975,
    0.000058041,
    0.000062792,
    0.000064209,
    0.000058,
    0.000062958,
    0.000066542,
    0.00005825,
    0.000061,
    0.000075709,
    0.000084042,
    0.000068125,
    0.000073542,
    0.00007125,
    0.000067584,
    0.000060042,
    0.00007,
    0.000067708,
    0.000071041,
    0.000065459,
    0.000064375,
    0.000063916,
    0.000071875,
    0.000075208,
    0.000076708,
    0.00007625,
    0.000064167,
    0.000145875,
    0.000137584,
    0.000063834,
    0.00007225,
    0.000063333,
    0.000058542,
    0.000069917,
    0.000058,
    0.00006975,
    0.000057416,
    0.000048417,
    0.000059166,
    0.000030875,
    0.000037042,
    0.000034042,
    0.000031625,
    0.000029583,
    0.000033417,
    0.000031042,
    0.000026,
    0.000028167,
    0.000029583,
    0.000038083,
    0.000031417,
    0.000025667,
    0.000026542,
    0.000029792,
    0.000026542
  ],
  "8": [
    0.000241,
    0.000101208,
    0.000099792,
    0.000069584,
    0.000070875,
    0.000080583,
    0.00007425,
    0.000069375,
    0.000104542,
    0.000102958,
    0.000103584,
    0.000113666,
    0.000105708,
    0.000111583,
    0.000096083,
    0.000102916,
    0.000099125,
    0.000099666,
    0.000094625,
    0.000102333,
    0.000090959,
    0.000095084,
    0.00008525,
    0.0000825,
    0.000097833,
    0.000095708,
    0.000089125,
    0.000086042,
    0.000081375,
    0.000081292,
    0.000072042,
    0.000067625,
    0.000074125,
    0.000087125,
    0.00006575,
    0.000066417,
    0.000082084,
    0.000074709,
    0.000070708,
    0.000076708,
    0.000084625,
    0.000077667,
    0.000070375,
    0.000066292,
    0.00006475,
    0.000058208,
    0.00006,
    0.000061375,
    0.000060959,
    0.000056583,
    0.000060375,
    0.000055083,
    0.000059084,
    0.000059958,
    0.000058625,
    0.000051875,
    0.000068458,
    0.000067958,
    0.000067833,
    0.000062417,
    0.0000655,
    0.000066875,
    0.000066167,
    0.000068583,
    0.00006575,
    0.00006525,
    0.00006075,
    0.00006125,
    0.000069875,
    0.000076333,
    0.000073375,
    0.000068916,
    0.000079792,
    0.000068959,
    0.000088875,
    0.000065083,
    0.000060292,
    0.000090375,
    0.0000715,
    0.000065375,
    0.000058667,
    0.0000595,
    0.000054167,
    0.000053458,
    0.000028875,
    0.000157291,
    0.00002775,
    0.000029,
    0.000025916,
    0.000032875,
    0.000027125,
    0.000023708,
    0.00002375,
    0.000023833,
    0.000026125,
    0.000034292,
    0.000027042,
    0.000032834,
    0.000028125,
    0.000029292
  ]
}
