{
  "1024x1024": [
    0.031051408,
    0.029552464,
    0.027914502,
    0.053367412,
    0.034058725,
    0.030996498,
    0.027650425,
    0.028243078,
    0.027870713,
    0.03171121,
    0.028625764,
    0.035482028,
    0.035230361,
    0.033134124,
    0.02537044,
    0.036178891,
    0.034556179,
    0.033309663,
    0.029353127,
    0.029564454,
    0.027258659,
    0.026196371,
    0.031642681,
    0.028415547,
    0.033546999,
    0.029067058,
    0.023911517,
    0.028948531,
    0.039806931,
    0.024183264,
    0.033342172,
    0.028409427,
    0.035649357,
    0.033656709,
    0.029876471,
    0.031706291,
    0.035109552,
    0.028721243,
    0.044727907,
    0.025804385,
    0.032177544,
    0.025118492,
    0.031536522,
    0.030056858,
    0.03251716,
    0.031090037,
    0.031569711,
    0.025243851,
    0.05263286,
    0.027075271,
    0.028614835,
    0.031103167,
    0.028297938,
    0.032410082,
    0.027990921,
    0.028696443,
    0.040444231,
    0.023899487,
    0.033678369,
    0.030168548,
    0.037954293,
    0.026607886,
    0.047777183,
    0.029333117,
    0.028951871,
    0.026190691,
    0.031171196,
    0.028881691,
    0.028504076,
    0.022644741,
    0.024962195,
    0.022785198,
    0.031167936,
    0.029482155,
    0.029427117,
    0.027271589,
    0.030493793,
    0.033315013,
    0.031679501,
    0.023227293,
    0.04345029,
    0.02444641,
    0.028663843,
    0.034116314,
    0.023636899,
    0.032398973,
    0.032777708,
    0.027844793,
    0.031491482,
    0.033992375,
    0.023718469,
    0.033058024,
    0.03169422,
    0.032212895,
    0.035914384,
    0.029135488,
    0.033968275,
    0.02906482,
    0.032420042,
    0.033151975
  ],
  "2048x512": [
    0.035267781,
    0.034305702,
    0.034849035,
    0.040538663,
    0.034144504,
    0.035152442,
    0.042989956,
    0.033655289,
    0.041367963,
    0.038012271,
    0.037380678,
    0.03267976,
    0.036928092,
    0.034989025,
    0.053205909,
    0.048127059,
    0.029877091,
    0.032191545,
    0.037460627,
    0.030205507,
    0.039855921,
    0.033038786,
    0.034705357,
    0.044210892,
    0.0344766,
    0.034944583,
    0.031135647,
    0.046431258,
    0.027559016,
    0.037706974,
    0.042305801,
    0.032775508,
    0.051849078,
    0.044812266,
    0.0289247,
    0.03803684,
    0.03445304,
    0.032761878,
    0.033152034,
    0.033326092,
    0.044577088,
    0.038358467,
    0.032544841,
    0.036848702,
    0.037784923,
    0.036221049,
    0.029153788,
    0.03713715,
    0.033317953,
    0.027743484,
    0.036656076,
    0.028238519,
    0.036320289,
    0.030711581,
    0.038371697,
    0.039990139,
    0.030345336,
    0.030934289,
    0.03899701,
    0.043069884,
    0.03533647,
    0.059421274,
    0.043053206,
    0.033068415,
    0.028272808,
    0.03536849,
    0.034779706,
    0.025760966,
    0.029938097,
    0.034313761,
    0.036936832,
    0.034174033,
    0.034812456,
    0.028571945,
    0.038687044,
    0.027934531,
    0.036464628,
    0.028803862,
    0.028639904,
    0.035862694,
    0.042074536,
    0.027338518,
    0.028716273,
    0.038872141,
    0.038222508,
    0.032984556,
    0.035940392,
    0.050522094,
    0.048750433,
    0.035548598,
    0.031678491,
    0.03973569,
    0.027978222,
    0.041266384,
    0.033184954,
    0.034620178,
    0.037291489,
    0.040303565,
    0.032415862,
    0.039372146
  ],
  "4096x256": [
    0.056320299,
    0.044330231,
    0.049738651,
    0.056304119,
    0.063045385,
    0.049701201,
    0.051567641,
    0.044351761,
    0.051874638,
    0.050952328,
    0.056033042,
    0.045153432,
    0.039221618,
    0.051712028,
    0.040178659,
    0.044098241,
    0.033818357,
    0.033828187,
    0.066897022,
    0.049660642,
    0.039829671,
    0.059950429,
    0.055187621,
    0.056600905,
    0.036628494,
    0.054791915,
    0.059786721,
    0.048160509,
    0.043762357,
    0.046603225,
    0.044216772,
    0.042997905,
    0.045730495,
    0.048245828,
    0.069477964,
    0.05714743,
    0.042017867,
    0.049799311,
    0.051591381,
    0.035092673,
    0.056764024,
    0.07896881,
    0.048800181,
    0.060032368,
    0.059682711,
    0.046749634,
    0.051764729,
    0.043794227,
    0.037328008,
    0.0453286,
    0.033348182,
    0.045693186,
    0.039362106,
    0.036920633,
    0.056008202,
    0.035554037,
    0.05621583,
    0.046699845,
    0.039766331,
    0.04055469,
    0.043301742,
    0.035185212,
    0.052771698,
    0.06526571,
    0.057338337,
    0.035796955,
    0.050383705,
    0.053699388,
    0.054807855,
    0.038818431,
    0.054521228,
    0.047834623,
    0.04800493,
    0.045821381,
    0.052882046,
    0.036431238,
    0.060349635,
    0.067819242,
    0.044788467,
    0.038703053,
    0.03705659,
    0.045942764,
    0.039093599,
    0.048234408,
    0.062323482,
    0.060999236,
    0.059481463,
    0.051644771,
    0.050422004,
    0.036160651,
    0.061909246,
    0.03430338,
    0.039349486,
    0.040644412,
    0.039230247,
    0.041261854,
    0.034862375,
    0.044602839,
    0.040702381,
    0.047896592
  ]
}
