{
  "1024x1024": [
    0.110305291,
    0.100411208,
    0.097854208,
    0.098511667,
    0.0884955,
    0.087350041,
    0.087392167,
    0.08171625,
    0.084865667,
    0.101890166,
    0.11088025,
    0.083031125,
    0.085322209,
    0.086595209,
    0.084724292,
    0.159243084,
    0.102891625,
    0.080859291,
    0.082275834,
    0.111746625,
    0.104457833,
    0.081357042,
    0.081420542,
    0.104528791,
    0.085504625,
    0.084028583,
    0.090276666,
    0.083590666,
    0.085527833,
    0.083210459,
    0.098888917,
    0.083533208,
    0.104701792,
    0.083803083,
    0.087265458,
    0.087826042,
    0.083683875,
    0.090344167,
    0.10737475,
    0.100484916,
    0.081958916,
    0.085134875,
    0.079803583,
    0.08190075,
    0.09265925,
    0.085130458,
    0.103281916,
    0.082308667,
    0.087124375,
    0.08553375,
    0.091506875,
    0.084510209,
    0.107428666,
    0.080405083,
    0.085653208,
    0.086534458,
    0.081587458,
    0.081525125,
    0.10055975,
    0.09833875,
    0.085133125,
    0.082166959,
    0.084157417,
    0.085228209,
    0.095390792,
    0.086326917,
    0.090356084,
    0.1098485,
    0.086155541,
    0.08944675,
    0.092721,
    0.090810875,
    0.096634916,
    0.091544167,
    0.094529292,
    0.093797875,
    0.092612625,
    0.089327792,
    0.09118275,
    0.092971375,
    0.094926083,
    0.090065167,
    0.0908535,
    0.097070333,
    0.089701792,
    0.091003,
    0.100526667,
    0.099667125,
    0.092775,
    0.100648041,
    0.106045625,
    0.107814792,
    0.103121792,
    0.091631375,
    0.089785,
    0.089203584,
    0.100211584,
    0.08606725,
    0.097773042,
    0.09040625
  ],
  "2048x512": [
    0.105469583,
    0.145405709,
    0.129768417,
    0.133704541,
    0.094347334,
    0.093467208,
    0.092498625,
    0.103978792,
    0.091695375,
    0.09682925,
    0.151772625,
    0.187723667,
    0.114492875,
    0.106224542,
    0.092529459,
    0.089866167,
    0.172671,
    0.172997,
    0.096639584,
    0.136002792,
    0.132824458,
    0.090179209,
    0.105890833,
    0.089794,
    0.091017792,
    0.090219459,
    0.091220083,
    0.093553291,
    0.0946215,
    0.11079575,
    0.092158625,
    0.092942958,
    0.121428708,
    0.089677917,
    0.101687667,
    0.103314625,
    0.090947833,
    0.091842334,
    0.151890875,
    0.137984583,
    0.090908334,
    0.114383625,
    0.087510083,
    0.096863584,
    0.09003675,
    0.088703584,
    0.098350167,
    0.095166791,
    0.088585958,
    0.091981209,
    0.087650625,
    0.089091834,
    0.092103834,
    0.095065,
    0.098587458,
    0.09618975,
    0.088101917,
    0.106695625,
    0.138851917,
    0.12676025,
    0.096821916,
    0.09444625,
    0.09080825,
    0.0966305,
    0.093746583,
    0.093312334,
    0.095546542,
    0.098674416,
    0.094261042,
    0.099554542,
    0.098567792,
    0.102764458,
    0.095248334,
    0.102878709,
    0.096265833,
    0.09190525,
    0.095081833,
    0.096048417,
    0.097362083,
    0.093304834,
    0.099084,
    0.096545458,
    0.090239416,
    0.106198708,
    0.094807333,
    0.105174792,
    0.10305375,
    0.095516625,
    0.093089,
    0.125500083,
    0.104664458,
    0.1005135,
    0.092545,
    0.09506575,
    0.098160833,
    0.100740334,
    0.096179916,
    0.0927245,
    0.097496709,
    0.0963635
  ],
  "4096x256": [
    0.18933225,
    0.18744175,
    0.178324458,
    0.124632125,
    0.11757375,
    0.113138875,
    0.110065,
    0.11348125,
    0.115846041,
    0.154256541,
    0.117628583,
    0.117698084,
    0.212213167,
    0.217161,
    0.131923791,
    0.113654084,
    0.12659225,
    0.117868875,
    0.16141375,
    0.176777875,
    0.132439334,
    0.111723834,
    0.113986625,
    0.111230416,
    0.115088,
    0.123271,
    0.111666125,
    0.137193875,
    0.132552917,
    0.115217542,
    0.12789475,
    0.123129,
    0.118991584,
    0.133161125,
    0.118210666,
    0.113707875,
    0.134058208,
    0.162764708,
    0.175777,
    0.130288834,
    0.126815792,
    0.111982292,
    0.115957625,
    0.112551958,
    0.1113385,
    0.116954291,
    0.110847791,
    0.109536833,
    0.110360542,
    0.111267292,
    0.115016959,
    0.112477583,
    0.113147292,
    0.109300458,
    0.111062,
    0.118838959,
    0.134855667,
    0.18374275,
    0.16590425,
    0.123126584,
    0.109298333,
    0.115387625,
    0.109433291,
    0.10225675,
    0.105488209,
    0.098800125,
    0.099745917,
    0.102625917,
    0.09904925,
    0.102256834,
    0.109031208,
    0.128045292,
    0.100576125,
    0.102156417,
    0.098940958,
    0.111982583,
    0.103655792,
    0.106165625,
    0.102275458,
    0.125115625,
    0.101429,
    0.108241083,
    0.100669042,
    0.101286875,
    0.106477291,
    0.115257042,
    0.099421417,
    0.104941917,
    0.11157175,
    0.121879584,
    0.14415025,
    0.101442333,
    0.100477208,
    0.098230959,
    0.107746333,
    0.107644667,
    0.100851208,
    0.125353833,
    0.104524125,
    0.098337292
  ]
}
