{
  "1024x1024": [
    0.012777604,
    0.008339768,
    0.00822594,
    0.008684174,
    0.008307629,
    0.008383918,
    0.008283629,
    0.008698384,
    0.008429807,
    0.008789313,
    0.009130548,
    0.008534947,
    0.008599245,
    0.008301659,
    0.012944612,
    0.008578896,
    0.008355128,
    0.008307598,
    0.008367318,
    0.008546925,
    0.008367238,
    0.008685374,
    0.008559756,
    0.008705204,
    0.008602335,
    0.008820112,
    0.00822354,
    0.008697824,
    0.008483037,
    0.008600965,
    0.008516477,
    0.008407867,
    0.008712754,
    0.008379378,
    0.008547536,
    0.008522676,
    0.008597925,
    0.008352178,
    0.008299069,
    0.008521496,
    0.008254529,
    0.008580285,
    0.008580156,
    0.008557806,
    0.008310339,
    0.008491437,
    0.008568655,
    0.008388398,
    0.008403938,
    0.008466557,
    0.00827614,
    0.008510607,
    0.008425347,
    0.008443167,
    0.008247679,
    0.008503586,
    0.008262199,
    0.00820418,
    0.008321929,
    0.008412277,
    0.008556196,
    0.00821692,
    0.008239499,
    0.00823857,
    0.008540346,
    0.008362118,
    0.008556826,
    0.008601646,
    0.008373008,
    0.008375368,
    0.008582316,
    0.008198721,
    0.008509497,
    0.008351738,
    0.008661755,
    0.011419161,
    0.008614895,
    0.011551689,
    0.008434058,
    0.008435757,
    0.008440818,
    0.008278959,
    0.008503856,
    0.00818577,
    0.008514526,
    0.008617485,
    0.008574016,
    0.008577606,
    0.011573829,
    0.008584926,
    0.008619055,
    0.008290409,
    0.008294699,
    0.008498887,
    0.008520436,
    0.008263209,
    0.008575056,
    0.008444868,
    0.008400458,
    0.008540686
  ],
  "2048x512": [
    0.008918401,
    0.014691731,
    0.012244141,
    0.008821253,
    0.013345197,
    0.008796703,
    0.008717714,
    0.009118279,
    0.015085987,
    0.014248766,
    0.011370192,
    0.01146703,
    0.012221421,
    0.009585114,
    0.00900889,
    0.008892291,
    0.010213845,
    0.014857589,
    0.009416286,
    0.01315926,
    0.008754284,
    0.012558517,
    0.014204747,
    0.015393893,
    0.012458009,
    0.014490014,
    0.01398367,
    0.014275676,
    0.010391353,
    0.012093563,
    0.011805826,
    0.014112478,
    0.014477663,
    0.014380705,
    0.014023159,
    0.010986456,
    0.010210446,
    0.009026531,
    0.011796827,
    0.010811769,
    0.013066801,
    0.0147919,
    0.014498924,
    0.012933183,
    0.009385436,
    0.009363546,
    0.014305056,
    0.00900478,
    0.008712474,
    0.011109825,
    0.013791322,
    0.008709834,
    0.011072995,
    0.011407711,
    0.014249197,
    0.014087839,
    0.014731311,
    0.014064809,
    0.011129064,
    0.00897267,
    0.00984833,
    0.014189257,
    0.008759873,
    0.008896592,
    0.012075843,
    0.014270887,
    0.011806086,
    0.013671183,
    0.014203587,
    0.013656234,
    0.014218807,
    0.011457991,
    0.014270086,
    0.008841522,
    0.011327563,
    0.011023105,
    0.011160554,
    0.01148016,
    0.013766703,
    0.01150308,
    0.009412546,
    0.017214111,
    0.008883851,
    0.008627625,
    0.014371505,
    0.014021159,
    0.021243572,
    0.014201107,
    0.008679724,
    0.011384421,
    0.014276106,
    0.014288266,
    0.008657345,
    0.014241337,
    0.01396787,
    0.011342612,
    0.011749807,
    0.014551773,
    0.013856701,
    0.014318316
  ],
  "4096x256": [
    0.015154615,
    0.015335803,
    0.016269451,
    0.025606668,
    0.014233526,
    0.014153827,
    0.027444525,
    0.014079999,
    0.027543985,
    0.0271002,
    0.014394074,
    0.026045483,
    0.01230727,
    0.011368561,
    0.013313378,
    0.026685875,
    0.013133381,
    0.013651623,
    0.026010824,
    0.013687673,
    0.026157062,
    0.014950278,
    0.014674261,
    0.02540202,
    0.027386857,
    0.01480462,
    0.015121046,
    0.015522221,
    0.015481191,
    0.025683228,
    0.027000611,
    0.027292628,
    0.013999049,
    0.025637448,
    0.014605362,
    0.020073236,
    0.016338571,
    0.020324633,
    0.020932235,
    0.024553711,
    0.014560883,
    0.02381008,
    0.013555745,
    0.017278789,
    0.018429656,
    0.018359747,
    0.01397007,
    0.020168184,
    0.020902275,
    0.022085171,
    0.016825385,
    0.013580375,
    0.01393699,
    0.024585181,
    0.023197547,
    0.025733057,
    0.017535617,
    0.013303888,
    0.015123346,
    0.023357446,
    0.02465071,
    0.014671161,
    0.01976104,
    0.018851751,
    0.013342808,
    0.024781278,
    0.013696524,
    0.022513686,
    0.018452835,
    0.026651866,
    0.026901063,
    0.013610074,
    0.020172765,
    0.02136163,
    0.015124456,
    0.013685183,
    0.024162636,
    0.013772353,
    0.02048025,
    0.033583001,
    0.024787708,
    0.018656453,
    0.026506927,
    0.021511808,
    0.026505547,
    0.013794572,
    0.018801862,
    0.021135903,
    0.022839592,
    0.026050593,
    0.02875185,
    0.026447018,
    0.024822968,
    0.031602995,
    0.020885526,
    0.028406845,
    0.026768884,
    0.021151002,
    0.024371443,
    0.026778044
  ]
}
