{
  "1024x1024": [
    0.009562584,
    0.005803209,
    0.006061958,
    0.004032042,
    0.003584167,
    0.003802542,
    0.003545208,
    0.00376575,
    0.0035815,
    0.003718958,
    0.003799625,
    0.003702041,
    0.003480959,
    0.003676875,
    0.003675416,
    0.003701334,
    0.003572125,
    0.00374725,
    0.003755875,
    0.003846875,
    0.003415209,
    0.00352775,
    0.003313042,
    0.003753583,
    0.003741417,
    0.004747333,
    0.004166375,
    0.003573125,
    0.003666625,
    0.003790042,
    0.003521209,
    0.003567542,
    0.003762125,
    0.00395225,
    0.003627292,
    0.003495625,
    0.0045075,
    0.004531042,
    0.003642375,
    0.003425375,
    0.00416975,
    0.003645417,
    0.003504542,
    0.00494775,
    0.003834125,
    0.003677042,
    0.00371475,
    0.003501917,
    0.003475041,
    0.003424,
    0.003611875,
    0.003483167,
    0.003523292,
    0.00380375,
    0.003629875,
    0.003702208,
    0.003451584,
    0.003690792,
    0.003349125,
    0.003336917,
    0.0035975,
    0.003628583,
    0.003701667,
    0.003423917,
    0.003379458,
    0.003723125,
    0.003785292,
    0.003553875,
    0.003725375,
    0.003802708,
    0.003580417,
    0.003829459,
    0.00356725,
    0.003839208,
    0.003318791,
    0.003725167,
    0.003624541,
    0.0032165,
    0.00356875,
    0.003359542,
    0.003306334,
    0.003725125,
    0.003650042,
    0.003766667,
    0.003491792,
    0.003840125,
    0.003431583,
    0.003465625,
    0.003616166,
    0.003446292,
    0.003837833,
    0.00366175,
    0.003738041,
    0.003564209,
    0.003583041,
    0.003673958,
    0.003687333,
    0.003537375,
    0.003541333,
    0.00366125
  ],
  "2048x512": [
    0.00836875,
    0.009043125,
    0.008870333,
    0.008003792,
    0.005978875,
    0.006199959,
    0.005707917,
    0.006076959,
    0.00582325,
    0.005842334,
    0.005257875,
    0.006601292,
    0.005083958,
    0.005152958,
    0.006813917,
    0.006768708,
    0.00542175,
    0.005204042,
    0.005525833,
    0.005738667,
    0.005254167,
    0.005859459,
    0.005292292,
    0.006829042,
    0.005123625,
    0.00662675,
    0.007970417,
    0.005587792,
    0.005580416,
    0.005503,
    0.00507025,
    0.005743709,
    0.005667541,
    0.005739542,
    0.005751166,
    0.005995,
    0.007126291,
    0.007045208,
    0.006696584,
    0.006613292,
    0.007174042,
    0.005220125,
    0.006301625,
    0.006870083,
    0.005538917,
    0.005738166,
    0.007670208,
    0.005861833,
    0.005814125,
    0.005870084,
    0.005126167,
    0.006624333,
    0.00755575,
    0.005158,
    0.005623583,
    0.005130042,
    0.005777708,
    0.005038542,
    0.005364292,
    0.005269416,
    0.00544875,
    0.005239625,
    0.006941333,
    0.0058885,
    0.007612875,
    0.006389667,
    0.005117542,
    0.005660125,
    0.005604084,
    0.005195,
    0.005519209,
    0.006414833,
    0.007076917,
    0.00677025,
    0.005399292,
    0.00672,
    0.00534575,
    0.005455792,
    0.00528,
    0.005314458,
    0.00541175,
    0.0052215,
    0.005820833,
    0.006867917,
    0.007949375,
    0.006159375,
    0.005289,
    0.005930416,
    0.005618791,
    0.006963334,
    0.005372791,
    0.005188125,
    0.006583,
    0.005721292,
    0.005844292,
    0.005715917,
    0.005855333,
    0.005776334,
    0.005841708,
    0.004931875
  ],
  "4096x256": [
    0.017794,
    0.015507042,
    0.009745417,
    0.010484541,
    0.0099125,
    0.010103708,
    0.008821041,
    0.009856458,
    0.009315166,
    0.008947708,
    0.010155458,
    0.010818292,
    0.00953175,
    0.009555792,
    0.012111542,
    0.011966375,
    0.008739084,
    0.009522166,
    0.009248959,
    0.008342708,
    0.011405833,
    0.009457916,
    0.009061458,
    0.011456292,
    0.009498208,
    0.00944625,
    0.009054125,
    0.008449333,
    0.008505584,
    0.009007916,
    0.008927708,
    0.009629333,
    0.008925667,
    0.008776458,
    0.00955575,
    0.008638625,
    0.0093335,
    0.011748834,
    0.009496125,
    0.009136666,
    0.0117975,
    0.009500584,
    0.009735166,
    0.011427792,
    0.00965325,
    0.0099735,
    0.008877417,
    0.009383167,
    0.00861475,
    0.011181292,
    0.009368959,
    0.009429291,
    0.009361708,
    0.00927,
    0.008892625,
    0.009204584,
    0.008716542,
    0.009329375,
    0.009462584,
    0.009578583,
    0.00928875,
    0.01029925,
    0.009782292,
    0.009665958,
    0.008283125,
    0.00931625,
    0.011421166,
    0.009323125,
    0.00970675,
    0.009683042,
    0.009438791,
    0.009672084,
    0.011494167,
    0.009582208,
    0.011714625,
    0.011486709,
    0.009711459,
    0.009509125,
    0.009544375,
    0.009368209,
    0.009430833,
    0.009629084,
    0.010460125,
    0.011741833,
    0.011569709,
    0.008905541,
    0.008824667,
    0.008089917,
    0.008645333,
    0.011682791,
    0.011486084,
    0.009535208,
    0.008794625,
    0.008907833,
    0.009272333,
    0.008806833,
    0.011666625,
    0.010986083,
    0.008480875,
    0.009592709
  ]
}
