{
  "1024x1024": [
    0.09443325,
    0.102460833,
    0.131619708,
    0.076659917,
    0.075691667,
    0.072868708,
    0.079034541,
    0.074541791,
    0.081076875,
    0.078753125,
    0.075095459,
    0.076367166,
    0.074973417,
    0.077478084,
    0.080757209,
    0.075382625,
    0.079309042,
    0.076907291,
    0.0717735,
    0.075804875,
    0.076794834,
    0.081803084,
    0.100929541,
    0.091871167,
    0.1007615,
    0.07433725,
    0.078761459,
    0.076881333,
    0.080498,
    0.077484291,
    0.075664667,
    0.076277083,
    0.078602416,
    0.074984459,
    0.077272708,
    0.077139291,
    0.075178916,
    0.07635475,
    0.074761625,
    0.076670917,
    0.078929,
    0.078251583,
    0.074895292,
    0.074416334,
    0.0868685,
    0.072919875,
    0.078034084,
    0.07685025,
    0.0827615,
    0.071599875,
    0.076156458,
    0.073772709,
    0.0774745,
    0.080050084,
    0.072662916,
    0.080550625,
    0.103638792,
    0.101124666,
    0.101472084,
    0.0854205,
    0.073464208,
    0.077490625,
    0.076709083,
    0.077938583,
    0.0736725,
    0.073413,
    0.0759405,
    0.077289042,
    0.075181917,
    0.076045333,
    0.074103542,
    0.076474334,
    0.077867042,
    0.0762555,
    0.079881875,
    0.085769542,
    0.07853875,
    0.0758305,
    0.076239584,
    0.095351375,
    0.093811291,
    0.075980125,
    0.075196167,
    0.079065708,
    0.073658042,
    0.075638125,
    0.07606025,
    0.076253167,
    0.074373083,
    0.079300084,
    0.075923958,
    0.073875167,
    0.077510625,
    0.074675084,
    0.073374916,
    0.075623708,
    0.077181042,
    0.075335834,
    0.074119209,
    0.074527209
  ],
  "2048x512": [
    0.115923792,
    0.145333458,
    0.083032541,
    0.08462925,
    0.0860155,
    0.086671792,
    0.08619275,
    0.084017417,
    0.081429542,
    0.086762125,
    0.084612125,
    0.086747458,
    0.081745666,
    0.081343625,
    0.085506708,
    0.085999334,
    0.082357875,
    0.086377125,
    0.087448041,
    0.086850583,
    0.0803265,
    0.084505458,
    0.121892167,
    0.13091025,
    0.082161834,
    0.08293,
    0.08402325,
    0.095590292,
    0.086054333,
    0.087359708,
    0.0876275,
    0.087224333,
    0.084847,
    0.08254,
    0.086334583,
    0.083226875,
    0.084655291,
    0.089114,
    0.088143083,
    0.0865655,
    0.086771541,
    0.088090792,
    0.084371542,
    0.084542208,
    0.089903291,
    0.087932041,
    0.095873416,
    0.091035375,
    0.083593792,
    0.085561583,
    0.08800425,
    0.085301125,
    0.084762375,
    0.088730416,
    0.08894575,
    0.138626833,
    0.138341,
    0.145151584,
    0.135533083,
    0.081082375,
    0.08877775,
    0.083010792,
    0.08796275,
    0.084233541,
    0.08364625,
    0.084460375,
    0.085210041,
    0.089653375,
    0.083554541,
    0.089722584,
    0.082399542,
    0.086485416,
    0.085196875,
    0.08458175,
    0.087216709,
    0.091704209,
    0.086523916,
    0.085914583,
    0.123146292,
    0.136216875,
    0.106238083,
    0.087654666,
    0.083203125,
    0.084577041,
    0.083168459,
    0.086516958,
    0.087576,
    0.084335333,
    0.08403375,
    0.086505917,
    0.088136041,
    0.085822334,
    0.083711791,
    0.084805459,
    0.08396825,
    0.087492167,
    0.090816083,
    0.086574292,
    0.088081709,
    0.088059
  ],
  "4096x256": [
    0.179448666,
    0.335664792,
    0.097616792,
    0.100546792,
    0.096766708,
    0.101160166,
    0.09702375,
    0.102175958,
    0.099810333,
    0.100316208,
    0.0953915,
    0.097218833,
    0.102687,
    0.104005208,
    0.106960333,
    0.100615167,
    0.100178834,
    0.095027916,
    0.106532209,
    0.097133625,
    0.1037985,
    0.120768917,
    0.170758084,
    0.149020125,
    0.100367709,
    0.098250583,
    0.102757709,
    0.10153425,
    0.100045125,
    0.103140959,
    0.108424542,
    0.105482334,
    0.101650041,
    0.102483083,
    0.107239542,
    0.100672125,
    0.105731208,
    0.108980959,
    0.105571334,
    0.107439417,
    0.107066875,
    0.10539125,
    0.106319333,
    0.105414584,
    0.109698625,
    0.105828667,
    0.113803416,
    0.311622416,
    0.103706042,
    0.111747417,
    0.105745417,
    0.104103458,
    0.106561542,
    0.111871791,
    0.107828542,
    0.16604975,
    0.181666458,
    0.181721208,
    0.354208375,
    0.105894416,
    0.10430525,
    0.099850375,
    0.100744541,
    0.103590584,
    0.106641,
    0.102015125,
    0.102980125,
    0.106807583,
    0.100708375,
    0.108342917,
    0.112535042,
    0.104487667,
    0.105802834,
    0.109294875,
    0.113137458,
    0.103283666,
    0.103073459,
    0.106724291,
    0.1898435,
    0.184194708,
    0.107867125,
    0.109071,
    0.104017542,
    0.106428625,
    0.102740417,
    0.105904042,
    0.108479875,
    0.101901083,
    0.101592166,
    0.113025958,
    0.107196125,
    0.10997,
    0.106221959,
    0.108563334,
    0.106968625,
    0.110511375,
    0.112406584,
    0.111510042,
    0.114852334,
    0.114979458
  ]
}
