{
  "256": [
    0.00002642,
    0.00002392,
    0.00002387,
    0.00002401,
    0.00002803,
    0.00003554,
    0.00002366,
    0.00002357,
    0.00002695,
    0.00002823,
    0.000051929,
    0.00002815,
    0.00002357,
    0.0000236,
    0.00002351,
    0.000029359,
    0.00002886,
    0.00003806,
    0.00002369,
    0.000030379,
    0.000023829,
    0.00002356,
    0.00002792,
    0.00002364,
    0.00002359,
    0.000044509,
    0.00002368,
    0.00002809,
    0.00002787,
    0.00002405,
    0.000030499,
    0.00002396,
    0.00002383,
    0.00002411,
    0.00002364,
    0.00002909,
    0.00002349,
    0.000023699,
    0.00002353,
    0.00002406,
    0.00002383,
    0.00004053,
    0.000023779,
    0.000023529,
    0.00002381,
    0.00002363,
    0.00002914,
    0.0000237,
    0.00002372,
    0.0000236,
    0.000023959,
    0.000030199,
    0.00002355,
    0.00002367,
    0.0000236,
    0.00002366,
    0.00002354,
    0.00003371,
    0.000023519,
    0.00002356,
    0.00002381,
    0.00002392,
    0.00005184,
    0.00002378,
    0.000023709,
    0.000023759,
    0.00002367,
    0.00002919,
    0.00002373,
    0.000028009,
    0.00002819,
    0.00002827,
    0.00002673,
    0.000045259,
    0.00002364,
    0.00002385,
    0.00002612,
    0.000027879,
    0.00003135,
    0.00002358,
    0.00002356,
    0.00003372,
    0.00002377,
    0.000029739,
    0.000023739,
    0.00002361,
    0.00002362,
    0.0000236,
    0.00002357,
    0.00002896,
    0.00002359,
    0.00002384,
    0.000023779,
    0.000023819,
    0.00002961,
    0.00002349,
    0.00002359,
    0.00002366,
    0.00002361,
    0.00002901
  ],
  "512": [
    0.000039319,
    0.000031499,
    0.00003945,
    0.00003176,
    0.00003741,
    0.000064349,
    0.00003166,
    0.00003159,
    0.00004356,
    0.000037139,
    0.00004409,
    0.000033169,
    0.000031259,
    0.000037229,
    0.0000314,
    0.00003177,
    0.00004547,
    0.000034989,
    0.00003641,
    0.00003134,
    0.00003127,
    0.00003767,
    0.00003709,
    0.000031229,
    0.000041289,
    0.00003206,
    0.00003934,
    0.000037339,
    0.000033639,
    0.00003679,
    0.00003132,
    0.00003213,
    0.00003138,
    0.000037289,
    0.000031519,
    0.000031519,
    0.00003964,
    0.00003155,
    0.0000371,
    0.00003153,
    0.000031389,
    0.00003748,
    0.00003123,
    0.00003124,
    0.00003827,
    0.00003172,
    0.00003813,
    0.00003149,
    0.000031529,
    0.000046719,
    0.00003132,
    0.00003134,
    0.00003745,
    0.00003121,
    0.00003656,
    0.000031589,
    0.000031469,
    0.000048469,
    0.0000316,
    0.00003147,
    0.00003732,
    0.00003127,
    0.000037079,
    0.00003133,
    0.00003126,
    0.00003672,
    0.00003151,
    0.00003153,
    0.000038669,
    0.00003736,
    0.0000439,
    0.000037949,
    0.00003126,
    0.00003875,
    0.0000313,
    0.00003153,
    0.000044589,
    0.00003742,
    0.00003758,
    0.00003155,
    0.0000315,
    0.000036849,
    0.000031229,
    0.0000313,
    0.00003756,
    0.00003121,
    0.00003648,
    0.00003154,
    0.00003144,
    0.000050489,
    0.000031469,
    0.000031189,
    0.00004153,
    0.00003125,
    0.00003773,
    0.00003116,
    0.00003142,
    0.00003694,
    0.000031579,
    0.000031429
  ],
  "64": [
    0.00002519,
    0.00001809,
    0.0000179,
    0.000017819,
    0.000021189,
    0.00002106,
    0.000018,
    0.000017819,
    0.000017769,
    0.00002111,
    0.00002124,
    0.00002126,
    0.00001785,
    0.00001779,
    0.00001784,
    0.00001794,
    0.00002112,
    0.00002111,
    0.00002379,
    0.00001783,
    0.00001788,
    0.00001796,
    0.000021039,
    0.00001906,
    0.00001765,
    0.00001859,
    0.000017669,
    0.00002103,
    0.00002101,
    0.00001779,
    0.00001807,
    0.00001802,
    0.000018429,
    0.00002731,
    0.00001782,
    0.00001771,
    0.00001777,
    0.00001773,
    0.0000178,
    0.000041499,
    0.00001792,
    0.0000178,
    0.00001812,
    0.00001782,
    0.00001787,
    0.000017769,
    0.00001776,
    0.00001797,
    0.00001785,
    0.00001773,
    0.00001844,
    0.00001778,
    0.000018019,
    0.000017809,
    0.00001839,
    0.00001783,
    0.00001784,
    0.00001782,
    0.00001793,
    0.00001778,
    0.000018059,
    0.000023499,
    0.00001781,
    0.0000178,
    0.00001807,
    0.00001787,
    0.000017989,
    0.00001778,
    0.00001783,
    0.00002124,
    0.0000211,
    0.00002095,
    0.00002104,
    0.00001801,
    0.000018289,
    0.00001839,
    0.00001776,
    0.00002104,
    0.00002135,
    0.000017739,
    0.00001773,
    0.00001782,
    0.00002735,
    0.00001821,
    0.0000178,
    0.00001776,
    0.000017759,
    0.000017789,
    0.00001778,
    0.00001788,
    0.00001795,
    0.00001772,
    0.0000179,
    0.00001774,
    0.00001796,
    0.000017739,
    0.00001778,
    0.00001783,
    0.00001797,
    0.00001776
  ],
  "8": [
    0.000062709,
    0.00001686,
    0.00001645,
    0.00001695,
    0.00001739,
    0.000018919,
    0.00001639,
    0.00001614,
    0.00001606,
    0.000018799,
    0.00003226,
    0.000020059,
    0.00001627,
    0.00001614,
    0.00001594,
    0.00001605,
    0.00001919,
    0.000019049,
    0.0000161,
    0.00001601,
    0.0000159,
    0.0000159,
    0.00001769,
    0.0000193,
    0.00001625,
    0.00003025,
    0.00001601,
    0.000018929,
    0.00001897,
    0.00001588,
    0.00001598,
    0.000016,
    0.00001623,
    0.00001625,
    0.00001622,
    0.00001594,
    0.00001592,
    0.00001589,
    0.00001594,
    0.00001595,
    0.00001589,
    0.00001596,
    0.00001591,
    0.00001618,
    0.00001634,
    0.00001597,
    0.00001596,
    0.000016259,
    0.00001599,
    0.00001595,
    0.00002595,
    0.00001602,
    0.00001602,
    0.00001625,
    0.0000162,
    0.00001626,
    0.00001597,
    0.0000159,
    0.00001696,
    0.00001594,
    0.000016,
    0.00001603,
    0.000016049,
    0.00001648,
    0.00001619,
    0.00001666,
    0.00001709,
    0.000015959,
    0.00001598,
    0.00001908,
    0.00001888,
    0.000019029,
    0.00001893,
    0.00001603,
    0.00001643,
    0.000026369,
    0.00001602,
    0.00001888,
    0.00001896,
    0.00001602,
    0.00001601,
    0.000015959,
    0.000016,
    0.00001634,
    0.00001619,
    0.00001635,
    0.00001627,
    0.00001607,
    0.00001593,
    0.000015969,
    0.00001623,
    0.00001605,
    0.0000159,
    0.00001593,
    0.00001618,
    0.00001634,
    0.00001623,
    0.000015949,
    0.00002557,
    0.0000159
  ]
}
