{
  "256": [
    0.003426417,
    0.002614667,
    0.002376833,
    0.002582708,
    0.002582958,
    0.002466334,
    0.002673542,
    0.002611833,
    0.00336,
    0.002840666,
    0.003006667,
    0.002461459,
    0.002695834,
    0.002950083,
    0.003057292,
    0.002772917,
    0.002840667,
    0.003070292,
    0.003296542,
    0.002658333,
    0.002900167,
    0.004421708,
    0.002752041,
    0.002789833,
    0.002501708,
    0.002557458,
    0.002471292,
    0.002469041,
    0.002750917,
    0.002519084,
    0.002516834,
    0.002882875,
    0.002457042,
    0.002896834,
    0.002735334,
    0.007960375,
    0.002398833,
    0.002996709,
    0.003022833,
    0.002921666,
    0.002564167,
    0.002491791,
    0.002636458,
    0.002596792,
    0.003373375,
    0.003162375,
    0.002916333,
    0.002629708,
    0.002855833,
    0.002763292,
    0.002849542,
    0.002814625,
    0.004470541,
    0.002648209,
    0.002830042,
    0.002865292,
    0.003370084,
    0.002706666,
    0.003001875,
    0.002784708,
    0.002357,
    0.0034245,
    0.002839584,
    0.002573791,
    0.002395583,
    0.002809917,
    0.0025125,
    0.002720292,
    0.003156416,
    0.002649625,
    0.002422917,
    0.002700708,
    0.003262625,
    0.002454167,
    0.002581917,
    0.002727542,
    0.002367833,
    0.002381875,
    0.002455708,
    0.004193583,
    0.002340041,
    0.004335583,
    0.00260975,
    0.002815041,
    0.002840959,
    0.0027875,
    0.002636792,
    0.002753667,
    0.002691333,
    0.003008,
    0.003283125,
    0.00247425,
    0.0027815,
    0.002770042,
    0.0027,
    0.003322625,
    0.002760125,
    0.00339,
    0.002937958,
    0.003573334
  ],
  "512": [
    0.004015709,
    0.002691583,
    0.003918833,
    0.002937,
    0.002564334,
    0.002918167,
    0.002737417,
    0.002371875,
    0.002744833,
    0.003430666,
    0.002686833,
    0.002686208,
    0.003240166,
    0.002929833,
    0.003085125,
    0.002699917,
    0.004137834,
    0.002969458,
    0.002739291,
    0.003069667,
    0.002667084,
    0.003852708,
    0.0026665,
    0.002646417,
    0.002952792,
    0.003013833,
    0.002719459,
    0.002837709,
    0.00252275,
    0.002942208,
    0.002090167,
    0.002366,
    0.003355875,
    0.002607667,
    0.004105,
    0.00419825,
    0.003424166,
    0.003054334,
    0.003372042,
    0.002546541,
    0.003937833,
    0.0027965,
    0.003567542,
    0.002979083,
    0.002676083,
    0.003930916,
    0.002882,
    0.003316542,
    0.00252075,
    0.003639583,
    0.002974291,
    0.002945333,
    0.0025215,
    0.002574584,
    0.0039955,
    0.002732041,
    0.002730834,
    0.003010625,
    0.002549916,
    0.002268584,
    0.002607667,
    0.002565125,
    0.002573208,
    0.002389916,
    0.002623333,
    0.002797833,
    0.002624625,
    0.002792125,
    0.004188208,
    0.002558459,
    0.002752458,
    0.002532,
    0.002960917,
    0.003312542,
    0.002723917,
    0.002443459,
    0.002709375,
    0.003061833,
    0.002615458,
    0.003229125,
    0.002915791,
    0.002815875,
    0.002517,
    0.003105417,
    0.0029735,
    0.002618916,
    0.002660834,
    0.002784334,
    0.0033895,
    0.00278425,
    0.00275525,
    0.002524208,
    0.002585917,
    0.002688375,
    0.00298375,
    0.004128125,
    0.002452291,
    0.002845167,
    0.002611709,
    0.002943208
  ],
  "64": [
    0.002981917,
    0.002416792,
    0.002627625,
    0.00275975,
    0.002649166,
    0.002702625,
    0.002672792,
    0.003256625,
    0.003128542,
    0.002791625,
    0.002705417,
    0.00274325,
    0.002992167,
    0.002946542,
    0.002827917,
    0.002455333,
    0.002390542,
    0.002999167,
    0.002581333,
    0.002601625,
    0.002305917,
    0.002561333,
    0.002831542,
    0.002859416,
    0.00287925,
    0.003976,
    0.002606041,
    0.0028295,
    0.002673458,
    0.002589375,
    0.002435708,
    0.002917791,
    0.0029725,
    0.002663708,
    0.00286975,
    0.001809542,
    0.002497667,
    0.002414333,
    0.002732875,
    0.003614166,
    0.002715,
    0.002372625,
    0.002767542,
    0.002712917,
    0.002982541,
    0.002787334,
    0.003748667,
    0.002910875,
    0.002802083,
    0.002839208,
    0.002471584,
    0.004023,
    0.002565792,
    0.002428792,
    0.002748041,
    0.0024795,
    0.002616208,
    0.002471667,
    0.002938875,
    0.002491,
    0.003406166,
    0.007516833,
    0.002651292,
    0.002969166,
    0.002568,
    0.0027865,
    0.002646125,
    0.002667791,
    0.002707125,
    0.0029885,
    0.002569916,
    0.002372333,
    0.002716541,
    0.002629917,
    0.003158583,
    0.002358791,
    0.002563709,
    0.002532375,
    0.002842167,
    0.002472791,
    0.002927084,
    0.00279075,
    0.002425834,
    0.003148041,
    0.0025925,
    0.003515041,
    0.002473083,
    0.002505583,
    0.002821709,
    0.002720917,
    0.002626208,
    0.002539625,
    0.003638125,
    0.00274475,
    0.002568292,
    0.002495125,
    0.002709917,
    0.002688542,
    0.00257325,
    0.0025075
  ],
  "8": [
    0.003587583,
    0.002743375,
    0.002385959,
    0.002741709,
    0.004413833,
    0.003362375,
    0.002477667,
    0.002347166,
    0.004493791,
    0.002276625,
    0.002462083,
    0.002750083,
    0.002699709,
    0.0025995,
    0.002463125,
    0.003228625,
    0.002950292,
    0.0034205,
    0.002662166,
    0.002717167,
    0.002870125,
    0.002218834,
    0.002950125,
    0.003280667,
    0.002796458,
    0.002882208,
    0.002514167,
    0.002555167,
    0.002840625,
    0.002717833,
    0.002415084,
    0.002545,
    0.002709209,
    0.00280975,
    0.00263225,
    0.002221833,
    0.002202083,
    0.002285333,
    0.003368709,
    0.003049375,
    0.002624792,
    0.002825625,
    0.002515875,
    0.002913542,
    0.002580709,
    0.002529708,
    0.003220417,
    0.002790833,
    0.002502375,
    0.002773791,
    0.002956666,
    0.002800792,
    0.002273584,
    0.002531708,
    0.002657209,
    0.00297125,
    0.002900041,
    0.002781208,
    0.0025405,
    0.002513875,
    0.002283084,
    0.002511584,
    0.002392375,
    0.004951375,
    0.002561542,
    0.003228542,
    0.002394083,
    0.002321,
    0.002456416,
    0.002807042,
    0.00312,
    0.002252667,
    0.002201625,
    0.002567708,
    0.002529791,
    0.002412916,
    0.002643458,
    0.002372916,
    0.002656958,
    0.002763375,
    0.002683167,
    0.002458333,
    0.002773125,
    0.002384542,
    0.002513708,
    0.002785584,
    0.002508459,
    0.003079417,
    0.003036334,
    0.002544542,
    0.002446166,
    0.002706125,
    0.00296425,
    0.002480958,
    0.003582042,
    0.002717167,
    0.003054666,
    0.002781041,
    0.002694625,
    0.00229875
  ]
}
